{
  "/dev/serial/by-id/usb-FTDI_USB__-__Serial_Converter_FTA2U0WN-if00-port0": {
    "joint_offsets": [
      4.796409807116118,
      7.938022455141814,
      7.75941318142128,
      -4.9769276985787165,
      6.334139016754199,
      1.6490345478418593,
      0.0
    ],
    "note": "Fixed calibration offsets for GELLO leader. Capture with robot at observe + leader at home.",
    "saved_at_unix_s": 1774866984.4267051
  }
}